epoch,training_loss
1,0.6961096758445104
2,0.6956390447219213
3,0.6959529554247856
4,0.6956756233970324
5,0.6961275424361228
6,0.6961167560418446
7,0.696594585955143
8,0.6959110643863679
9,0.6963876638611157
10,0.6960333439906439
11,0.6956823712587357
12,0.6963086466987928
13,0.6951838530699412
14,0.6957121727267901
15,0.6960745484630266
16,0.6964540767272314
17,0.6954973247647286
18,0.6959402126471201
19,0.6955236923098564
20,0.6957927646835645
