epoch,training_loss
1,0.9930657721757888
2,0.9898408813476562
3,0.9950257426738739
4,0.9973889088630676
5,0.9918086815357208
6,0.9929179166316986
7,0.9986713723540306
8,0.9972829787969589
9,0.9918373112916946
10,0.9968669293642044
11,0.9972882260322571
12,0.9936566089391708
13,1.0040358982563018
14,0.9965535270810127
15,0.9984656764984131
16,0.9938789386034012
17,1.0027177766084672
18,0.9959812175512314
19,0.9889417807340622
20,0.9876851892709732
